policy,seed_set,seed,shortfall_bps,completion_rate
stochastic_planner,test,30000,142.6690,1.0000
lookahead,test,30000,134.8192,1.0000
twap,test,30000,128.0424,1.0000
stochastic_planner,test,30001,129.7744,1.0000
lookahead,test,30001,122.2507,1.0000
twap,test,30001,124.2294,1.0000
stochastic_planner,test,30002,105.5932,1.0000
lookahead,test,30002,108.7881,1.0000
twap,test,30002,132.9290,1.0000
stochastic_planner,test,30003,94.9766,1.0000
lookahead,test,30003,121.7602,1.0000
twap,test,30003,104.1621,1.0000
stochastic_planner,test,30004,57.1060,1.0000
lookahead,test,30004,49.6171,1.0000
twap,test,30004,94.7763,1.0000
stochastic_planner,test,30005,120.9881,1.0000
lookahead,test,30005,115.0945,1.0000
twap,test,30005,123.4482,1.0000
stochastic_planner,test,30006,129.4742,1.0000
lookahead,test,30006,132.5284,1.0000
twap,test,30006,118.6201,1.0000
stochastic_planner,test,30007,48.5029,1.0000
lookahead,test,30007,51.8457,1.0000
twap,test,30007,88.2373,1.0000
stochastic_planner,test,30008,79.0953,1.0000
lookahead,test,30008,72.8806,1.0000
twap,test,30008,102.8518,1.0000
stochastic_planner,test,30009,135.0490,1.0000
lookahead,test,30009,135.2341,1.0000
twap,test,30009,137.6230,1.0000
stochastic_planner,test,30010,87.1782,1.0000
lookahead,test,30010,61.8794,1.0000
twap,test,30010,103.5405,1.0000
stochastic_planner,test,30011,105.6684,1.0000
lookahead,test,30011,116.1948,1.0000
twap,test,30011,109.7222,1.0000
stochastic_planner,test,30012,100.0536,1.0000
lookahead,test,30012,106.5785,1.0000
twap,test,30012,122.0287,1.0000
stochastic_planner,test,30013,112.6159,1.0000
lookahead,test,30013,110.5028,1.0000
twap,test,30013,118.3292,1.0000
stochastic_planner,test,30014,98.6949,1.0000
lookahead,test,30014,105.2089,1.0000
twap,test,30014,105.1940,1.0000
stochastic_planner,test,30015,127.5821,1.0000
lookahead,test,30015,128.9240,1.0000
twap,test,30015,121.2596,1.0000
stochastic_planner,test,30016,74.2921,1.0000
lookahead,test,30016,67.9080,1.0000
twap,test,30016,105.3078,1.0000
stochastic_planner,test,30017,106.5366,1.0000
lookahead,test,30017,115.5410,1.0000
twap,test,30017,121.9840,1.0000
stochastic_planner,test,30018,74.4840,1.0000
lookahead,test,30018,66.0576,1.0000
twap,test,30018,104.3027,1.0000
stochastic_planner,test,30019,98.1669,1.0000
lookahead,test,30019,108.9953,1.0000
twap,test,30019,111.1512,1.0000
stochastic_planner,test,30020,112.9015,1.0000
lookahead,test,30020,116.1578,1.0000
twap,test,30020,136.6034,1.0000
stochastic_planner,test,30021,91.1194,1.0000
lookahead,test,30021,81.4968,1.0000
twap,test,30021,90.5229,1.0000
stochastic_planner,test,30022,77.2143,1.0000
lookahead,test,30022,75.9724,1.0000
twap,test,30022,90.2311,1.0000
stochastic_planner,test,30023,98.0566,1.0000
lookahead,test,30023,98.5909,1.0000
twap,test,30023,110.2598,1.0000
stochastic_planner,test,30024,97.0867,1.0000
lookahead,test,30024,93.1506,1.0000
twap,test,30024,109.5770,1.0000
stochastic_planner,test,30025,165.8894,1.0000
lookahead,test,30025,130.2620,1.0000
twap,test,30025,119.5140,1.0000
stochastic_planner,test,30026,122.7315,1.0000
lookahead,test,30026,132.8746,1.0000
twap,test,30026,117.9377,1.0000
stochastic_planner,test,30027,93.7848,1.0000
lookahead,test,30027,90.1761,1.0000
twap,test,30027,108.3725,1.0000
stochastic_planner,test,30028,70.0363,1.0000
lookahead,test,30028,66.4627,1.0000
twap,test,30028,101.8320,1.0000
stochastic_planner,test,30029,85.6631,1.0000
lookahead,test,30029,93.4861,1.0000
twap,test,30029,104.2853,1.0000
stochastic_planner,test,30030,110.0950,1.0000
lookahead,test,30030,101.1401,1.0000
twap,test,30030,113.6155,1.0000
stochastic_planner,test,30031,72.9291,1.0000
lookahead,test,30031,77.5417,1.0000
twap,test,30031,97.0630,1.0000
stochastic_planner,test,30032,113.5003,1.0000
lookahead,test,30032,111.1665,1.0000
twap,test,30032,119.6408,1.0000
stochastic_planner,test,30033,87.6843,1.0000
lookahead,test,30033,84.7137,1.0000
twap,test,30033,106.8176,1.0000
stochastic_planner,test,30034,135.8694,1.0000
lookahead,test,30034,135.9426,1.0000
twap,test,30034,132.2443,1.0000
stochastic_planner,test,30035,137.5390,1.0000
lookahead,test,30035,131.3752,1.0000
twap,test,30035,121.2421,1.0000
stochastic_planner,test,30036,97.4776,1.0000
lookahead,test,30036,109.5136,1.0000
twap,test,30036,123.2190,1.0000
stochastic_planner,test,30037,101.6759,1.0000
lookahead,test,30037,113.6176,1.0000
twap,test,30037,107.0484,1.0000
stochastic_planner,test,30038,48.1786,1.0000
lookahead,test,30038,43.6106,1.0000
twap,test,30038,89.0855,1.0000
stochastic_planner,test,30039,92.1321,1.0000
lookahead,test,30039,90.2933,1.0000
twap,test,30039,117.1521,1.0000
stochastic_planner,test,30040,73.1189,1.0000
lookahead,test,30040,64.4307,1.0000
twap,test,30040,93.1456,1.0000
stochastic_planner,test,30041,158.7921,1.0000
lookahead,test,30041,135.1103,1.0000
twap,test,30041,132.4241,1.0000
stochastic_planner,test,30042,108.7681,1.0000
lookahead,test,30042,89.1428,1.0000
twap,test,30042,120.0803,1.0000
stochastic_planner,test,30043,52.8133,1.0000
lookahead,test,30043,40.1874,1.0000
twap,test,30043,86.0963,1.0000
stochastic_planner,test,30044,79.4489,1.0000
lookahead,test,30044,82.7781,1.0000
twap,test,30044,93.2798,1.0000
stochastic_planner,test,30045,90.7594,1.0000
lookahead,test,30045,89.8742,1.0000
twap,test,30045,103.5498,1.0000
stochastic_planner,test,30046,93.0131,1.0000
lookahead,test,30046,81.0072,1.0000
twap,test,30046,97.9069,1.0000
stochastic_planner,test,30047,115.1505,1.0000
lookahead,test,30047,131.7438,1.0000
twap,test,30047,119.1144,1.0000
stochastic_planner,test,30048,71.5162,1.0000
lookahead,test,30048,53.2519,1.0000
twap,test,30048,96.7674,1.0000
stochastic_planner,test,30049,100.6930,1.0000
lookahead,test,30049,109.1206,1.0000
twap,test,30049,105.0779,1.0000
stochastic_planner,test,30050,123.6842,1.0000
lookahead,test,30050,113.9245,1.0000
twap,test,30050,124.7940,1.0000
stochastic_planner,test,30051,146.6359,1.0000
lookahead,test,30051,150.7824,1.0000
twap,test,30051,130.6106,1.0000
stochastic_planner,test,30052,134.7170,1.0000
lookahead,test,30052,142.2655,1.0000
twap,test,30052,141.8557,1.0000
stochastic_planner,test,30053,83.3884,1.0000
lookahead,test,30053,83.4236,1.0000
twap,test,30053,97.7884,1.0000
stochastic_planner,test,30054,148.2336,1.0000
lookahead,test,30054,146.1287,1.0000
twap,test,30054,121.5023,1.0000
stochastic_planner,test,30055,82.2325,1.0000
lookahead,test,30055,80.6940,1.0000
twap,test,30055,100.8703,1.0000
stochastic_planner,test,30056,112.3301,1.0000
lookahead,test,30056,102.2682,1.0000
twap,test,30056,111.0483,1.0000
stochastic_planner,test,30057,105.2154,1.0000
lookahead,test,30057,108.1218,1.0000
twap,test,30057,107.1097,1.0000
stochastic_planner,test,30058,103.4390,1.0000
lookahead,test,30058,105.3465,1.0000
twap,test,30058,102.5087,1.0000
stochastic_planner,test,30059,92.6003,1.0000
lookahead,test,30059,82.7742,1.0000
twap,test,30059,106.7124,1.0000
stochastic_planner,test,30060,125.5468,1.0000
lookahead,test,30060,132.7312,1.0000
twap,test,30060,121.4559,1.0000
stochastic_planner,test,30061,139.4835,1.0000
lookahead,test,30061,140.4540,1.0000
twap,test,30061,103.0747,1.0000
stochastic_planner,test,30062,149.5015,1.0000
lookahead,test,30062,121.8584,1.0000
twap,test,30062,118.8815,1.0000
stochastic_planner,test,30063,91.1429,1.0000
lookahead,test,30063,82.7901,1.0000
twap,test,30063,98.5206,1.0000
stochastic_planner,test,30064,67.3284,1.0000
lookahead,test,30064,61.6636,1.0000
twap,test,30064,108.0150,1.0000
stochastic_planner,test,30065,109.0841,1.0000
lookahead,test,30065,109.1465,1.0000
twap,test,30065,116.8262,1.0000
stochastic_planner,test,30066,65.3777,1.0000
lookahead,test,30066,59.7030,1.0000
twap,test,30066,100.4912,1.0000
stochastic_planner,test,30067,122.3689,1.0000
lookahead,test,30067,130.8149,1.0000
twap,test,30067,132.8645,1.0000
stochastic_planner,test,30068,119.3680,1.0000
lookahead,test,30068,122.4647,1.0000
twap,test,30068,115.8392,1.0000
stochastic_planner,test,30069,97.4978,1.0000
lookahead,test,30069,102.8365,1.0000
twap,test,30069,112.5734,1.0000
stochastic_planner,test,30070,101.1278,1.0000
lookahead,test,30070,99.2506,1.0000
twap,test,30070,116.6881,1.0000
stochastic_planner,test,30071,107.8582,1.0000
lookahead,test,30071,101.0090,1.0000
twap,test,30071,108.6634,1.0000
stochastic_planner,test,30072,122.5781,1.0000
lookahead,test,30072,121.1272,1.0000
twap,test,30072,125.3388,1.0000
stochastic_planner,test,30073,130.0197,1.0000
lookahead,test,30073,140.4198,1.0000
twap,test,30073,138.5013,1.0000
stochastic_planner,test,30074,81.2602,1.0000
lookahead,test,30074,80.8926,1.0000
twap,test,30074,109.6259,1.0000
stochastic_planner,test,30075,82.0963,1.0000
lookahead,test,30075,82.5214,1.0000
twap,test,30075,107.3465,1.0000
stochastic_planner,test,30076,116.5941,1.0000
lookahead,test,30076,107.4310,1.0000
twap,test,30076,113.3252,1.0000
stochastic_planner,test,30077,101.2512,1.0000
lookahead,test,30077,111.9338,1.0000
twap,test,30077,115.7411,1.0000
stochastic_planner,test,30078,75.6471,1.0000
lookahead,test,30078,77.8922,1.0000
twap,test,30078,112.5817,1.0000
stochastic_planner,test,30079,86.3483,1.0000
lookahead,test,30079,74.0278,1.0000
twap,test,30079,90.0202,1.0000
stochastic_planner,test,30080,133.2240,1.0000
lookahead,test,30080,126.5712,1.0000
twap,test,30080,129.7968,1.0000
stochastic_planner,test,30081,72.6859,1.0000
lookahead,test,30081,66.7430,1.0000
twap,test,30081,98.2152,1.0000
stochastic_planner,test,30082,111.9959,1.0000
lookahead,test,30082,110.2475,1.0000
twap,test,30082,113.5561,1.0000
stochastic_planner,test,30083,74.4648,1.0000
lookahead,test,30083,65.6970,1.0000
twap,test,30083,88.3655,1.0000
stochastic_planner,test,30084,29.7306,1.0000
lookahead,test,30084,38.5843,1.0000
twap,test,30084,85.2098,1.0000
stochastic_planner,test,30085,130.1792,1.0000
lookahead,test,30085,105.4774,1.0000
twap,test,30085,108.4903,1.0000
stochastic_planner,test,30086,104.7366,1.0000
lookahead,test,30086,103.8040,1.0000
twap,test,30086,125.2672,1.0000
stochastic_planner,test,30087,56.7442,1.0000
lookahead,test,30087,51.9493,1.0000
twap,test,30087,92.9713,1.0000
stochastic_planner,test,30088,82.2865,1.0000
lookahead,test,30088,75.4351,1.0000
twap,test,30088,106.0215,1.0000
stochastic_planner,test,30089,91.8476,1.0000
lookahead,test,30089,79.3343,1.0000
twap,test,30089,118.1132,1.0000
stochastic_planner,test,30090,85.8889,1.0000
lookahead,test,30090,79.1724,1.0000
twap,test,30090,104.0095,1.0000
stochastic_planner,test,30091,82.9573,1.0000
lookahead,test,30091,81.4703,1.0000
twap,test,30091,105.6459,1.0000
stochastic_planner,test,30092,114.0376,1.0000
lookahead,test,30092,103.7994,1.0000
twap,test,30092,110.5049,1.0000
stochastic_planner,test,30093,147.0070,1.0000
lookahead,test,30093,144.0165,1.0000
twap,test,30093,133.0252,1.0000
stochastic_planner,test,30094,89.5070,1.0000
lookahead,test,30094,87.7418,1.0000
twap,test,30094,107.3113,1.0000
stochastic_planner,test,30095,107.9680,1.0000
lookahead,test,30095,103.1804,1.0000
twap,test,30095,107.9792,1.0000
stochastic_planner,test,30096,61.1307,1.0000
lookahead,test,30096,31.7187,1.0000
twap,test,30096,113.5559,1.0000
stochastic_planner,test,30097,103.9672,1.0000
lookahead,test,30097,115.2705,1.0000
twap,test,30097,105.1995,1.0000
stochastic_planner,test,30098,73.0871,1.0000
lookahead,test,30098,69.0864,1.0000
twap,test,30098,93.3608,1.0000
stochastic_planner,test,30099,98.3070,1.0000
lookahead,test,30099,118.1087,1.0000
twap,test,30099,123.1765,1.0000
stochastic_planner,test,30100,134.9637,1.0000
lookahead,test,30100,117.7237,1.0000
twap,test,30100,123.8487,1.0000
stochastic_planner,test,30101,83.8245,1.0000
lookahead,test,30101,79.3936,1.0000
twap,test,30101,105.5484,1.0000
stochastic_planner,test,30102,129.0244,1.0000
lookahead,test,30102,150.7802,1.0000
twap,test,30102,134.9707,1.0000
stochastic_planner,test,30103,92.6831,1.0000
lookahead,test,30103,82.9719,1.0000
twap,test,30103,108.0442,1.0000
stochastic_planner,test,30104,91.9232,1.0000
lookahead,test,30104,93.7867,1.0000
twap,test,30104,111.5591,1.0000
stochastic_planner,test,30105,96.4066,1.0000
lookahead,test,30105,87.4310,1.0000
twap,test,30105,105.2916,1.0000
stochastic_planner,test,30106,118.3731,1.0000
lookahead,test,30106,112.2618,1.0000
twap,test,30106,123.1841,1.0000
stochastic_planner,test,30107,98.4377,1.0000
lookahead,test,30107,98.3681,1.0000
twap,test,30107,110.0321,1.0000
stochastic_planner,test,30108,84.0143,1.0000
lookahead,test,30108,86.0999,1.0000
twap,test,30108,110.6239,1.0000
stochastic_planner,test,30109,119.8261,1.0000
lookahead,test,30109,118.4855,1.0000
twap,test,30109,109.3113,1.0000
stochastic_planner,test,30110,64.3192,1.0000
lookahead,test,30110,66.9939,1.0000
twap,test,30110,102.8239,1.0000
stochastic_planner,test,30111,59.6162,1.0000
lookahead,test,30111,64.2139,1.0000
twap,test,30111,98.7417,1.0000
stochastic_planner,test,30112,102.0768,1.0000
lookahead,test,30112,94.0395,1.0000
twap,test,30112,97.9381,1.0000
stochastic_planner,test,30113,131.2680,1.0000
lookahead,test,30113,127.6754,1.0000
twap,test,30113,106.6498,1.0000
stochastic_planner,test,30114,96.5901,1.0000
lookahead,test,30114,88.5513,1.0000
twap,test,30114,114.5153,1.0000
stochastic_planner,test,30115,95.9899,1.0000
lookahead,test,30115,88.8099,1.0000
twap,test,30115,112.2971,1.0000
stochastic_planner,test,30116,110.4169,1.0000
lookahead,test,30116,94.0157,1.0000
twap,test,30116,107.9736,1.0000
stochastic_planner,test,30117,112.4870,1.0000
lookahead,test,30117,124.2901,1.0000
twap,test,30117,93.8760,1.0000
stochastic_planner,test,30118,86.0534,1.0000
lookahead,test,30118,86.0760,1.0000
twap,test,30118,108.0772,1.0000
stochastic_planner,test,30119,102.8530,1.0000
lookahead,test,30119,115.9351,1.0000
twap,test,30119,117.2177,1.0000
stochastic_planner,test,30120,121.1092,1.0000
lookahead,test,30120,121.1167,1.0000
twap,test,30120,118.8446,1.0000
stochastic_planner,test,30121,73.5033,1.0000
lookahead,test,30121,63.0281,1.0000
twap,test,30121,93.2513,1.0000
stochastic_planner,test,30122,79.2491,1.0000
lookahead,test,30122,84.7623,1.0000
twap,test,30122,112.6070,1.0000
stochastic_planner,test,30123,127.0434,1.0000
lookahead,test,30123,118.7792,1.0000
twap,test,30123,127.9626,1.0000
stochastic_planner,test,30124,112.9638,1.0000
lookahead,test,30124,97.2277,1.0000
twap,test,30124,114.2460,1.0000
stochastic_planner,test,30125,55.6222,1.0000
lookahead,test,30125,47.4835,1.0000
twap,test,30125,92.9325,1.0000
stochastic_planner,test,30126,155.5346,1.0000
lookahead,test,30126,154.8093,1.0000
twap,test,30126,144.8804,1.0000
stochastic_planner,test,30127,130.0759,1.0000
lookahead,test,30127,132.0878,1.0000
twap,test,30127,129.6578,1.0000
stochastic_planner,test,30128,137.9405,1.0000
lookahead,test,30128,143.5192,1.0000
twap,test,30128,121.4849,1.0000
stochastic_planner,test,30129,140.9490,1.0000
lookahead,test,30129,128.0381,1.0000
twap,test,30129,128.4424,1.0000
stochastic_planner,test,30130,72.1259,1.0000
lookahead,test,30130,73.7706,1.0000
twap,test,30130,103.0566,1.0000
stochastic_planner,test,30131,135.6369,1.0000
lookahead,test,30131,126.2695,1.0000
twap,test,30131,130.9278,1.0000
stochastic_planner,test,30132,92.8376,1.0000
lookahead,test,30132,91.6790,1.0000
twap,test,30132,114.9200,1.0000
stochastic_planner,test,30133,130.2032,1.0000
lookahead,test,30133,126.4372,1.0000
twap,test,30133,118.4692,1.0000
stochastic_planner,test,30134,120.0035,1.0000
lookahead,test,30134,128.9863,1.0000
twap,test,30134,125.5214,1.0000
stochastic_planner,test,30135,114.7090,1.0000
lookahead,test,30135,116.1139,1.0000
twap,test,30135,125.0752,1.0000
stochastic_planner,test,30136,132.8081,1.0000
lookahead,test,30136,127.7140,1.0000
twap,test,30136,117.7583,1.0000
stochastic_planner,test,30137,92.8658,1.0000
lookahead,test,30137,97.3756,1.0000
twap,test,30137,111.6073,1.0000
stochastic_planner,test,30138,41.8897,1.0000
lookahead,test,30138,34.2152,1.0000
twap,test,30138,84.1680,1.0000
stochastic_planner,test,30139,65.0290,1.0000
lookahead,test,30139,59.7291,1.0000
twap,test,30139,95.1555,1.0000
stochastic_planner,test,30140,103.5934,1.0000
lookahead,test,30140,100.1016,1.0000
twap,test,30140,124.1962,1.0000
stochastic_planner,test,30141,98.1045,1.0000
lookahead,test,30141,86.2371,1.0000
twap,test,30141,101.1071,1.0000
stochastic_planner,test,30142,141.3375,1.0000
lookahead,test,30142,133.3602,1.0000
twap,test,30142,122.7251,1.0000
stochastic_planner,test,30143,108.0191,1.0000
lookahead,test,30143,100.2227,1.0000
twap,test,30143,120.3751,1.0000
stochastic_planner,test,30144,115.5153,1.0000
lookahead,test,30144,124.1670,1.0000
twap,test,30144,109.7099,1.0000
stochastic_planner,test,30145,128.2467,1.0000
lookahead,test,30145,125.7226,1.0000
twap,test,30145,130.2625,1.0000
stochastic_planner,test,30146,121.8062,1.0000
lookahead,test,30146,109.2155,1.0000
twap,test,30146,112.1656,1.0000
stochastic_planner,test,30147,108.7995,1.0000
lookahead,test,30147,122.4350,1.0000
twap,test,30147,110.3289,1.0000
stochastic_planner,test,30148,125.2629,1.0000
lookahead,test,30148,127.6668,1.0000
twap,test,30148,114.6773,1.0000
stochastic_planner,test,30149,101.4055,1.0000
lookahead,test,30149,96.6168,1.0000
twap,test,30149,112.9964,1.0000
stochastic_planner,test,30150,134.1810,1.0000
lookahead,test,30150,123.5471,1.0000
twap,test,30150,142.1680,1.0000
stochastic_planner,test,30151,115.3004,1.0000
lookahead,test,30151,126.8879,1.0000
twap,test,30151,126.4686,1.0000
stochastic_planner,test,30152,57.0459,1.0000
lookahead,test,30152,48.4212,1.0000
twap,test,30152,87.9020,1.0000
stochastic_planner,test,30153,130.2584,1.0000
lookahead,test,30153,125.1598,1.0000
twap,test,30153,107.3463,1.0000
stochastic_planner,test,30154,103.3728,1.0000
lookahead,test,30154,103.6453,1.0000
twap,test,30154,108.5447,1.0000
stochastic_planner,test,30155,102.7566,1.0000
lookahead,test,30155,102.9204,1.0000
twap,test,30155,113.2598,1.0000
stochastic_planner,test,30156,144.0514,1.0000
lookahead,test,30156,131.3185,1.0000
twap,test,30156,117.7146,1.0000
stochastic_planner,test,30157,116.5265,1.0000
lookahead,test,30157,112.9632,1.0000
twap,test,30157,123.1564,1.0000
stochastic_planner,test,30158,105.5077,1.0000
lookahead,test,30158,92.1221,1.0000
twap,test,30158,116.1462,1.0000
stochastic_planner,test,30159,75.9003,1.0000
lookahead,test,30159,75.9781,1.0000
twap,test,30159,106.5035,1.0000
stochastic_planner,test,30160,132.3542,1.0000
lookahead,test,30160,128.3065,1.0000
twap,test,30160,124.4969,1.0000
stochastic_planner,test,30161,76.4466,1.0000
lookahead,test,30161,72.2756,1.0000
twap,test,30161,103.5489,1.0000
stochastic_planner,test,30162,108.6441,1.0000
lookahead,test,30162,120.1745,1.0000
twap,test,30162,107.0032,1.0000
stochastic_planner,test,30163,103.9009,1.0000
lookahead,test,30163,104.8311,1.0000
twap,test,30163,107.3587,1.0000
stochastic_planner,test,30164,64.3316,1.0000
lookahead,test,30164,67.6834,1.0000
twap,test,30164,86.4240,1.0000
stochastic_planner,test,30165,70.3634,1.0000
lookahead,test,30165,76.8606,1.0000
twap,test,30165,110.1001,1.0000
stochastic_planner,test,30166,146.3109,1.0000
lookahead,test,30166,142.1203,1.0000
twap,test,30166,122.0672,1.0000
stochastic_planner,test,30167,125.1658,1.0000
lookahead,test,30167,103.3799,1.0000
twap,test,30167,112.0596,1.0000
stochastic_planner,test,30168,101.0215,1.0000
lookahead,test,30168,97.7932,1.0000
twap,test,30168,108.5250,1.0000
stochastic_planner,test,30169,61.8526,1.0000
lookahead,test,30169,51.9212,1.0000
twap,test,30169,97.4789,1.0000
stochastic_planner,test,30170,113.7448,1.0000
lookahead,test,30170,112.2848,1.0000
twap,test,30170,119.5745,1.0000
stochastic_planner,test,30171,126.0807,1.0000
lookahead,test,30171,134.8502,1.0000
twap,test,30171,127.9184,1.0000
stochastic_planner,test,30172,110.6991,1.0000
lookahead,test,30172,136.8345,1.0000
twap,test,30172,118.6739,1.0000
stochastic_planner,test,30173,41.5087,1.0000
lookahead,test,30173,40.3654,1.0000
twap,test,30173,93.3566,1.0000
stochastic_planner,test,30174,125.4551,1.0000
lookahead,test,30174,125.4613,1.0000
twap,test,30174,131.8495,1.0000
stochastic_planner,test,30175,47.4204,1.0000
lookahead,test,30175,50.2294,1.0000
twap,test,30175,92.8975,1.0000
stochastic_planner,test,30176,102.0410,1.0000
lookahead,test,30176,100.6149,1.0000
twap,test,30176,114.2744,1.0000
stochastic_planner,test,30177,114.9563,1.0000
lookahead,test,30177,110.6281,1.0000
twap,test,30177,133.1076,1.0000
stochastic_planner,test,30178,163.1030,1.0000
lookahead,test,30178,164.8348,1.0000
twap,test,30178,137.9443,1.0000
stochastic_planner,test,30179,93.0068,1.0000
lookahead,test,30179,83.7601,1.0000
twap,test,30179,105.5646,1.0000
stochastic_planner,test,30180,128.8358,1.0000
lookahead,test,30180,116.1632,1.0000
twap,test,30180,114.2254,1.0000
stochastic_planner,test,30181,83.8365,1.0000
lookahead,test,30181,88.7119,1.0000
twap,test,30181,94.3906,1.0000
stochastic_planner,test,30182,77.2373,1.0000
lookahead,test,30182,80.3106,1.0000
twap,test,30182,102.1213,1.0000
stochastic_planner,test,30183,111.5644,1.0000
lookahead,test,30183,102.1739,1.0000
twap,test,30183,107.9610,1.0000
stochastic_planner,test,30184,113.5804,1.0000
lookahead,test,30184,105.4206,1.0000
twap,test,30184,114.5997,1.0000
stochastic_planner,test,30185,139.1729,1.0000
lookahead,test,30185,149.1918,1.0000
twap,test,30185,126.6451,1.0000
stochastic_planner,test,30186,100.6689,1.0000
lookahead,test,30186,107.2918,1.0000
twap,test,30186,118.8404,1.0000
stochastic_planner,test,30187,107.8359,1.0000
lookahead,test,30187,107.4376,1.0000
twap,test,30187,108.8489,1.0000
stochastic_planner,test,30188,78.4319,1.0000
lookahead,test,30188,72.4104,1.0000
twap,test,30188,95.4490,1.0000
stochastic_planner,test,30189,129.6054,1.0000
lookahead,test,30189,143.7571,1.0000
twap,test,30189,144.4328,1.0000
stochastic_planner,test,30190,94.8544,1.0000
lookahead,test,30190,99.3690,1.0000
twap,test,30190,102.7812,1.0000
stochastic_planner,test,30191,88.3989,1.0000
lookahead,test,30191,84.5581,1.0000
twap,test,30191,104.7384,1.0000
stochastic_planner,test,30192,103.1227,1.0000
lookahead,test,30192,98.9587,1.0000
twap,test,30192,117.4266,1.0000
stochastic_planner,test,30193,120.2869,1.0000
lookahead,test,30193,124.9017,1.0000
twap,test,30193,102.6960,1.0000
stochastic_planner,test,30194,81.7959,1.0000
lookahead,test,30194,76.3285,1.0000
twap,test,30194,107.6162,1.0000
stochastic_planner,test,30195,122.6047,1.0000
lookahead,test,30195,118.1184,1.0000
twap,test,30195,116.8208,1.0000
stochastic_planner,test,30196,101.3006,1.0000
lookahead,test,30196,98.0266,1.0000
twap,test,30196,114.8187,1.0000
stochastic_planner,test,30197,127.5698,1.0000
lookahead,test,30197,112.3863,1.0000
twap,test,30197,118.5564,1.0000
stochastic_planner,test,30198,140.8880,1.0000
lookahead,test,30198,145.9405,1.0000
twap,test,30198,120.9884,1.0000
stochastic_planner,test,30199,94.3097,1.0000
lookahead,test,30199,101.5058,1.0000
twap,test,30199,101.5488,1.0000
stochastic_planner,test,30200,116.9323,1.0000
lookahead,test,30200,118.2164,1.0000
twap,test,30200,123.7908,1.0000
stochastic_planner,test,30201,87.7813,1.0000
lookahead,test,30201,95.0818,1.0000
twap,test,30201,112.6661,1.0000
stochastic_planner,test,30202,101.0800,1.0000
lookahead,test,30202,108.4279,1.0000
twap,test,30202,119.7244,1.0000
stochastic_planner,test,30203,83.1851,1.0000
lookahead,test,30203,103.0870,1.0000
twap,test,30203,108.4652,1.0000
stochastic_planner,test,30204,100.6905,1.0000
lookahead,test,30204,93.0481,1.0000
twap,test,30204,110.9543,1.0000
stochastic_planner,test,30205,82.8485,1.0000
lookahead,test,30205,84.3769,1.0000
twap,test,30205,120.0828,1.0000
stochastic_planner,test,30206,94.1292,1.0000
lookahead,test,30206,101.9084,1.0000
twap,test,30206,114.3467,1.0000
stochastic_planner,test,30207,93.3495,1.0000
lookahead,test,30207,104.3143,1.0000
twap,test,30207,124.4268,1.0000
stochastic_planner,test,30208,84.8213,1.0000
lookahead,test,30208,74.5850,1.0000
twap,test,30208,93.9949,1.0000
stochastic_planner,test,30209,120.5031,1.0000
lookahead,test,30209,112.3557,1.0000
twap,test,30209,121.6116,1.0000
stochastic_planner,test,30210,107.7732,1.0000
lookahead,test,30210,106.5933,1.0000
twap,test,30210,120.8942,1.0000
stochastic_planner,test,30211,134.3358,1.0000
lookahead,test,30211,134.3684,1.0000
twap,test,30211,133.1186,1.0000
stochastic_planner,test,30212,117.9016,1.0000
lookahead,test,30212,124.6560,1.0000
twap,test,30212,117.5870,1.0000
stochastic_planner,test,30213,63.4457,1.0000
lookahead,test,30213,58.8988,1.0000
twap,test,30213,101.9793,1.0000
stochastic_planner,test,30214,98.9289,1.0000
lookahead,test,30214,115.5681,1.0000
twap,test,30214,100.4213,1.0000
stochastic_planner,test,30215,87.9893,1.0000
lookahead,test,30215,75.9032,1.0000
twap,test,30215,105.7876,1.0000
stochastic_planner,test,30216,123.4935,1.0000
lookahead,test,30216,122.5520,1.0000
twap,test,30216,119.7825,1.0000
stochastic_planner,test,30217,106.8282,1.0000
lookahead,test,30217,111.7461,1.0000
twap,test,30217,102.4170,1.0000
stochastic_planner,test,30218,99.7490,1.0000
lookahead,test,30218,99.3907,1.0000
twap,test,30218,115.4383,1.0000
stochastic_planner,test,30219,112.0634,1.0000
lookahead,test,30219,115.3762,1.0000
twap,test,30219,112.4471,1.0000
stochastic_planner,test,30220,82.7745,1.0000
lookahead,test,30220,91.4341,1.0000
twap,test,30220,83.6912,1.0000
stochastic_planner,test,30221,95.0009,1.0000
lookahead,test,30221,98.3704,1.0000
twap,test,30221,102.7585,1.0000
stochastic_planner,test,30222,113.5066,1.0000
lookahead,test,30222,111.7997,1.0000
twap,test,30222,112.8488,1.0000
stochastic_planner,test,30223,86.4135,1.0000
lookahead,test,30223,81.3000,1.0000
twap,test,30223,113.0263,1.0000
stochastic_planner,test,30224,95.0551,1.0000
lookahead,test,30224,95.2156,1.0000
twap,test,30224,111.7466,1.0000
stochastic_planner,test,30225,118.8237,1.0000
lookahead,test,30225,136.8805,1.0000
twap,test,30225,124.9621,1.0000
stochastic_planner,test,30226,111.9525,1.0000
lookahead,test,30226,125.2325,1.0000
twap,test,30226,116.8129,1.0000
stochastic_planner,test,30227,117.7688,1.0000
lookahead,test,30227,113.5348,1.0000
twap,test,30227,110.7941,1.0000
stochastic_planner,test,30228,104.6297,1.0000
lookahead,test,30228,98.1952,1.0000
twap,test,30228,115.6381,1.0000
stochastic_planner,test,30229,58.6676,1.0000
lookahead,test,30229,67.9741,1.0000
twap,test,30229,90.2348,1.0000
stochastic_planner,test,30230,81.0465,1.0000
lookahead,test,30230,83.2808,1.0000
twap,test,30230,108.0720,1.0000
stochastic_planner,test,30231,81.2000,1.0000
lookahead,test,30231,78.7863,1.0000
twap,test,30231,117.8441,1.0000
stochastic_planner,test,30232,133.5075,1.0000
lookahead,test,30232,127.7779,1.0000
twap,test,30232,123.5617,1.0000
stochastic_planner,test,30233,88.1472,1.0000
lookahead,test,30233,98.3857,1.0000
twap,test,30233,103.0558,1.0000
stochastic_planner,test,30234,141.5468,1.0000
lookahead,test,30234,136.2095,1.0000
twap,test,30234,140.7002,1.0000
stochastic_planner,test,30235,127.0693,1.0000
lookahead,test,30235,123.6736,1.0000
twap,test,30235,129.5572,1.0000
stochastic_planner,test,30236,112.0923,1.0000
lookahead,test,30236,103.5521,1.0000
twap,test,30236,106.0040,1.0000
stochastic_planner,test,30237,26.1330,1.0000
lookahead,test,30237,31.6353,1.0000
twap,test,30237,81.5683,1.0000
stochastic_planner,test,30238,132.6955,1.0000
lookahead,test,30238,151.9489,1.0000
twap,test,30238,116.4787,1.0000
stochastic_planner,test,30239,91.9410,1.0000
lookahead,test,30239,84.5123,1.0000
twap,test,30239,101.7600,1.0000
stochastic_planner,test,30240,97.5014,1.0000
lookahead,test,30240,107.0566,1.0000
twap,test,30240,100.8691,1.0000
stochastic_planner,test,30241,84.5508,1.0000
lookahead,test,30241,91.7527,1.0000
twap,test,30241,98.5103,1.0000
stochastic_planner,test,30242,110.7201,1.0000
lookahead,test,30242,104.8411,1.0000
twap,test,30242,112.2669,1.0000
stochastic_planner,test,30243,112.1552,1.0000
lookahead,test,30243,110.2200,1.0000
twap,test,30243,119.9989,1.0000
stochastic_planner,test,30244,93.6532,1.0000
lookahead,test,30244,90.7818,1.0000
twap,test,30244,116.6871,1.0000
stochastic_planner,test,30245,132.1495,1.0000
lookahead,test,30245,144.2478,1.0000
twap,test,30245,134.7601,1.0000
stochastic_planner,test,30246,52.5612,1.0000
lookahead,test,30246,38.6502,1.0000
twap,test,30246,80.2896,1.0000
stochastic_planner,test,30247,135.8642,1.0000
lookahead,test,30247,137.4984,1.0000
twap,test,30247,129.9979,1.0000
stochastic_planner,test,30248,86.9981,1.0000
lookahead,test,30248,71.0772,1.0000
twap,test,30248,103.5630,1.0000
stochastic_planner,test,30249,89.3249,1.0000
lookahead,test,30249,84.8899,1.0000
twap,test,30249,110.4822,1.0000
stochastic_planner,test,30250,124.7062,1.0000
lookahead,test,30250,133.6170,1.0000
twap,test,30250,126.8516,1.0000
stochastic_planner,test,30251,87.4716,1.0000
lookahead,test,30251,75.6582,1.0000
twap,test,30251,114.9252,1.0000
stochastic_planner,test,30252,64.1685,1.0000
lookahead,test,30252,62.7364,1.0000
twap,test,30252,93.8836,1.0000
stochastic_planner,test,30253,143.4225,1.0000
lookahead,test,30253,144.3298,1.0000
twap,test,30253,127.7955,1.0000
stochastic_planner,test,30254,99.0806,1.0000
lookahead,test,30254,101.2423,1.0000
twap,test,30254,125.4440,1.0000
stochastic_planner,test,30255,103.6229,1.0000
lookahead,test,30255,106.2938,1.0000
twap,test,30255,100.9419,1.0000
stochastic_planner,test,30256,117.8816,1.0000
lookahead,test,30256,117.3876,1.0000
twap,test,30256,111.2054,1.0000
stochastic_planner,test,30257,77.0726,1.0000
lookahead,test,30257,74.7247,1.0000
twap,test,30257,105.7780,1.0000
stochastic_planner,test,30258,54.1419,1.0000
lookahead,test,30258,81.5117,1.0000
twap,test,30258,93.9140,1.0000
stochastic_planner,test,30259,123.2872,1.0000
lookahead,test,30259,125.8143,1.0000
twap,test,30259,118.6981,1.0000
stochastic_planner,test,30260,131.4690,1.0000
lookahead,test,30260,132.2114,1.0000
twap,test,30260,139.1625,1.0000
stochastic_planner,test,30261,94.6718,1.0000
lookahead,test,30261,91.6640,1.0000
twap,test,30261,109.7376,1.0000
stochastic_planner,test,30262,126.1393,1.0000
lookahead,test,30262,121.6089,1.0000
twap,test,30262,123.7519,1.0000
stochastic_planner,test,30263,101.0877,1.0000
lookahead,test,30263,98.3883,1.0000
twap,test,30263,114.1418,1.0000
stochastic_planner,test,30264,80.0963,1.0000
lookahead,test,30264,86.8348,1.0000
twap,test,30264,111.5320,1.0000
stochastic_planner,test,30265,93.8853,1.0000
lookahead,test,30265,84.8382,1.0000
twap,test,30265,104.9379,1.0000
stochastic_planner,test,30266,78.5431,1.0000
lookahead,test,30266,78.8544,1.0000
twap,test,30266,109.7068,1.0000
stochastic_planner,test,30267,69.8419,1.0000
lookahead,test,30267,68.5404,1.0000
twap,test,30267,103.5595,1.0000
stochastic_planner,test,30268,114.6453,1.0000
lookahead,test,30268,92.0924,1.0000
twap,test,30268,112.8909,1.0000
stochastic_planner,test,30269,94.6735,1.0000
lookahead,test,30269,95.1668,1.0000
twap,test,30269,116.6941,1.0000
stochastic_planner,test,30270,90.9707,1.0000
lookahead,test,30270,91.9983,1.0000
twap,test,30270,115.2893,1.0000
stochastic_planner,test,30271,100.1462,1.0000
lookahead,test,30271,101.3420,1.0000
twap,test,30271,111.6753,1.0000
stochastic_planner,test,30272,113.8782,1.0000
lookahead,test,30272,124.1837,1.0000
twap,test,30272,126.3500,1.0000
stochastic_planner,test,30273,49.5692,1.0000
lookahead,test,30273,48.1735,1.0000
twap,test,30273,85.8138,1.0000
stochastic_planner,test,30274,121.8612,1.0000
lookahead,test,30274,148.0842,1.0000
twap,test,30274,119.7272,1.0000
stochastic_planner,test,30275,84.2073,1.0000
lookahead,test,30275,86.1417,1.0000
twap,test,30275,114.2726,1.0000
stochastic_planner,test,30276,116.3893,1.0000
lookahead,test,30276,121.5865,1.0000
twap,test,30276,119.4942,1.0000
stochastic_planner,test,30277,86.4528,1.0000
lookahead,test,30277,78.2356,1.0000
twap,test,30277,93.1101,1.0000
stochastic_planner,test,30278,125.7676,1.0000
lookahead,test,30278,127.3034,1.0000
twap,test,30278,109.5764,1.0000
stochastic_planner,test,30279,110.6137,1.0000
lookahead,test,30279,105.4912,1.0000
twap,test,30279,109.5600,1.0000
stochastic_planner,test,30280,118.7419,1.0000
lookahead,test,30280,128.2286,1.0000
twap,test,30280,104.5834,1.0000
stochastic_planner,test,30281,72.6643,1.0000
lookahead,test,30281,73.2356,1.0000
twap,test,30281,103.8820,1.0000
stochastic_planner,test,30282,54.1159,1.0000
lookahead,test,30282,41.6321,1.0000
twap,test,30282,91.5686,1.0000
stochastic_planner,test,30283,110.7489,1.0000
lookahead,test,30283,107.4996,1.0000
twap,test,30283,124.7098,1.0000
stochastic_planner,test,30284,78.4894,1.0000
lookahead,test,30284,75.0014,1.0000
twap,test,30284,96.6378,1.0000
stochastic_planner,test,30285,103.4222,1.0000
lookahead,test,30285,92.4859,1.0000
twap,test,30285,113.0797,1.0000
stochastic_planner,test,30286,82.5490,1.0000
lookahead,test,30286,93.9366,1.0000
twap,test,30286,101.6288,1.0000
stochastic_planner,test,30287,82.6719,1.0000
lookahead,test,30287,82.3340,1.0000
twap,test,30287,116.6694,1.0000
stochastic_planner,test,30288,138.0543,1.0000
lookahead,test,30288,144.1208,1.0000
twap,test,30288,137.0899,1.0000
stochastic_planner,test,30289,87.7290,1.0000
lookahead,test,30289,93.8275,1.0000
twap,test,30289,112.5354,1.0000
stochastic_planner,test,30290,71.7342,1.0000
lookahead,test,30290,74.8632,1.0000
twap,test,30290,110.5314,1.0000
stochastic_planner,test,30291,111.7811,1.0000
lookahead,test,30291,119.3501,1.0000
twap,test,30291,124.9153,1.0000
stochastic_planner,test,30292,113.5332,1.0000
lookahead,test,30292,99.3958,1.0000
twap,test,30292,110.5668,1.0000
stochastic_planner,test,30293,94.3738,1.0000
lookahead,test,30293,85.2072,1.0000
twap,test,30293,103.5038,1.0000
stochastic_planner,test,30294,70.3490,1.0000
lookahead,test,30294,66.4822,1.0000
twap,test,30294,96.9469,1.0000
stochastic_planner,test,30295,138.7552,1.0000
lookahead,test,30295,135.2617,1.0000
twap,test,30295,127.7832,1.0000
stochastic_planner,test,30296,136.1566,1.0000
lookahead,test,30296,141.6725,1.0000
twap,test,30296,130.9847,1.0000
stochastic_planner,test,30297,103.0261,1.0000
lookahead,test,30297,99.7282,1.0000
twap,test,30297,113.6812,1.0000
stochastic_planner,test,30298,108.3914,1.0000
lookahead,test,30298,119.8704,1.0000
twap,test,30298,109.8580,1.0000
stochastic_planner,test,30299,95.5233,1.0000
lookahead,test,30299,98.0315,1.0000
twap,test,30299,112.9424,1.0000
stochastic_planner,fresh,40000,107.8403,1.0000
lookahead,fresh,40000,108.3393,1.0000
twap,fresh,40000,124.6346,1.0000
stochastic_planner,fresh,40001,151.5802,1.0000
lookahead,fresh,40001,156.4997,1.0000
twap,fresh,40001,133.7321,1.0000
stochastic_planner,fresh,40002,57.2430,1.0000
lookahead,fresh,40002,43.2499,1.0000
twap,fresh,40002,94.0896,1.0000
stochastic_planner,fresh,40003,109.1488,1.0000
lookahead,fresh,40003,115.4235,1.0000
twap,fresh,40003,119.9486,1.0000
stochastic_planner,fresh,40004,100.7350,1.0000
lookahead,fresh,40004,103.5066,1.0000
twap,fresh,40004,113.0772,1.0000
stochastic_planner,fresh,40005,93.6929,1.0000
lookahead,fresh,40005,91.4768,1.0000
twap,fresh,40005,112.0124,1.0000
stochastic_planner,fresh,40006,95.8495,1.0000
lookahead,fresh,40006,110.8210,1.0000
twap,fresh,40006,118.1524,1.0000
stochastic_planner,fresh,40007,65.2910,1.0000
lookahead,fresh,40007,61.4536,1.0000
twap,fresh,40007,94.7828,1.0000
stochastic_planner,fresh,40008,71.9649,1.0000
lookahead,fresh,40008,67.4619,1.0000
twap,fresh,40008,114.3110,1.0000
stochastic_planner,fresh,40009,109.8074,1.0000
lookahead,fresh,40009,95.9178,1.0000
twap,fresh,40009,116.4462,1.0000
stochastic_planner,fresh,40010,109.5002,1.0000
lookahead,fresh,40010,106.1111,1.0000
twap,fresh,40010,125.8950,1.0000
stochastic_planner,fresh,40011,70.5962,1.0000
lookahead,fresh,40011,73.7014,1.0000
twap,fresh,40011,95.7890,1.0000
stochastic_planner,fresh,40012,151.1004,1.0000
lookahead,fresh,40012,145.0028,1.0000
twap,fresh,40012,142.7637,1.0000
stochastic_planner,fresh,40013,78.7911,1.0000
lookahead,fresh,40013,79.1101,1.0000
twap,fresh,40013,108.8133,1.0000
stochastic_planner,fresh,40014,86.4700,1.0000
lookahead,fresh,40014,97.1257,1.0000
twap,fresh,40014,107.0838,1.0000
stochastic_planner,fresh,40015,105.7467,1.0000
lookahead,fresh,40015,107.1941,1.0000
twap,fresh,40015,109.5724,1.0000
stochastic_planner,fresh,40016,81.0504,1.0000
lookahead,fresh,40016,69.4129,1.0000
twap,fresh,40016,97.5717,1.0000
stochastic_planner,fresh,40017,34.8878,1.0000
lookahead,fresh,40017,25.7564,1.0000
twap,fresh,40017,82.6411,1.0000
stochastic_planner,fresh,40018,117.3436,1.0000
lookahead,fresh,40018,118.0123,1.0000
twap,fresh,40018,122.1392,1.0000
stochastic_planner,fresh,40019,73.0629,1.0000
lookahead,fresh,40019,73.5645,1.0000
twap,fresh,40019,110.9319,1.0000
stochastic_planner,fresh,40020,67.0487,1.0000
lookahead,fresh,40020,60.7593,1.0000
twap,fresh,40020,98.7951,1.0000
stochastic_planner,fresh,40021,59.3241,1.0000
lookahead,fresh,40021,62.3816,1.0000
twap,fresh,40021,82.2817,1.0000
stochastic_planner,fresh,40022,158.1137,1.0000
lookahead,fresh,40022,162.4737,1.0000
twap,fresh,40022,118.7622,1.0000
stochastic_planner,fresh,40023,131.7374,1.0000
lookahead,fresh,40023,140.2769,1.0000
twap,fresh,40023,119.8817,1.0000
stochastic_planner,fresh,40024,124.9522,1.0000
lookahead,fresh,40024,126.2243,1.0000
twap,fresh,40024,122.9851,1.0000
stochastic_planner,fresh,40025,117.5126,1.0000
lookahead,fresh,40025,134.2353,1.0000
twap,fresh,40025,115.5922,1.0000
stochastic_planner,fresh,40026,58.5428,1.0000
lookahead,fresh,40026,52.9145,1.0000
twap,fresh,40026,96.1570,1.0000
stochastic_planner,fresh,40027,84.9135,1.0000
lookahead,fresh,40027,98.1072,1.0000
twap,fresh,40027,109.1582,1.0000
stochastic_planner,fresh,40028,108.2186,1.0000
lookahead,fresh,40028,108.8855,1.0000
twap,fresh,40028,122.9333,1.0000
stochastic_planner,fresh,40029,94.6202,1.0000
lookahead,fresh,40029,92.2536,1.0000
twap,fresh,40029,98.1651,1.0000
stochastic_planner,fresh,40030,115.6958,1.0000
lookahead,fresh,40030,112.4520,1.0000
twap,fresh,40030,127.0316,1.0000
stochastic_planner,fresh,40031,119.9952,1.0000
lookahead,fresh,40031,136.0580,1.0000
twap,fresh,40031,120.2266,1.0000
stochastic_planner,fresh,40032,77.1960,1.0000
lookahead,fresh,40032,85.6350,1.0000
twap,fresh,40032,103.7454,1.0000
stochastic_planner,fresh,40033,130.0038,1.0000
lookahead,fresh,40033,149.1483,1.0000
twap,fresh,40033,101.3430,1.0000
stochastic_planner,fresh,40034,84.5213,1.0000
lookahead,fresh,40034,83.9780,1.0000
twap,fresh,40034,88.0327,1.0000
stochastic_planner,fresh,40035,123.5921,1.0000
lookahead,fresh,40035,133.9766,1.0000
twap,fresh,40035,116.3807,1.0000
stochastic_planner,fresh,40036,13.9290,1.0000
lookahead,fresh,40036,-2.5280,1.0000
twap,fresh,40036,87.0758,1.0000
stochastic_planner,fresh,40037,90.5769,1.0000
lookahead,fresh,40037,88.0901,1.0000
twap,fresh,40037,89.6568,1.0000
stochastic_planner,fresh,40038,107.0258,1.0000
lookahead,fresh,40038,99.3078,1.0000
twap,fresh,40038,122.4062,1.0000
stochastic_planner,fresh,40039,124.5530,1.0000
lookahead,fresh,40039,122.5166,1.0000
twap,fresh,40039,120.5555,1.0000
stochastic_planner,fresh,40040,64.3697,1.0000
lookahead,fresh,40040,63.3622,1.0000
twap,fresh,40040,110.9813,1.0000
stochastic_planner,fresh,40041,109.9630,1.0000
lookahead,fresh,40041,111.0263,1.0000
twap,fresh,40041,113.6896,1.0000
stochastic_planner,fresh,40042,87.6447,1.0000
lookahead,fresh,40042,94.3469,1.0000
twap,fresh,40042,127.3573,1.0000
stochastic_planner,fresh,40043,112.6131,1.0000
lookahead,fresh,40043,97.9807,1.0000
twap,fresh,40043,119.4089,1.0000
stochastic_planner,fresh,40044,111.2038,1.0000
lookahead,fresh,40044,109.6656,1.0000
twap,fresh,40044,112.4782,1.0000
stochastic_planner,fresh,40045,87.7032,1.0000
lookahead,fresh,40045,78.1285,1.0000
twap,fresh,40045,109.9628,1.0000
stochastic_planner,fresh,40046,74.4302,1.0000
lookahead,fresh,40046,72.3171,1.0000
twap,fresh,40046,100.6238,1.0000
stochastic_planner,fresh,40047,81.0036,1.0000
lookahead,fresh,40047,84.1879,1.0000
twap,fresh,40047,112.7529,1.0000
stochastic_planner,fresh,40048,105.9037,1.0000
lookahead,fresh,40048,109.8435,1.0000
twap,fresh,40048,113.8389,1.0000
stochastic_planner,fresh,40049,123.1303,1.0000
lookahead,fresh,40049,125.6163,1.0000
twap,fresh,40049,122.8618,1.0000
stochastic_planner,fresh,40050,103.8310,1.0000
lookahead,fresh,40050,100.2653,1.0000
twap,fresh,40050,105.9020,1.0000
stochastic_planner,fresh,40051,67.0570,1.0000
lookahead,fresh,40051,66.4170,1.0000
twap,fresh,40051,95.6111,1.0000
stochastic_planner,fresh,40052,95.9453,1.0000
lookahead,fresh,40052,95.7131,1.0000
twap,fresh,40052,106.4964,1.0000
stochastic_planner,fresh,40053,93.4526,1.0000
lookahead,fresh,40053,99.7050,1.0000
twap,fresh,40053,122.9956,1.0000
stochastic_planner,fresh,40054,123.0069,1.0000
lookahead,fresh,40054,127.5227,1.0000
twap,fresh,40054,122.5217,1.0000
stochastic_planner,fresh,40055,68.8869,1.0000
lookahead,fresh,40055,65.5965,1.0000
twap,fresh,40055,99.5190,1.0000
stochastic_planner,fresh,40056,99.2200,1.0000
lookahead,fresh,40056,107.1889,1.0000
twap,fresh,40056,105.0445,1.0000
stochastic_planner,fresh,40057,100.7687,1.0000
lookahead,fresh,40057,96.1554,1.0000
twap,fresh,40057,107.0966,1.0000
stochastic_planner,fresh,40058,108.9417,1.0000
lookahead,fresh,40058,93.8566,1.0000
twap,fresh,40058,104.3642,1.0000
stochastic_planner,fresh,40059,79.9167,1.0000
lookahead,fresh,40059,78.6820,1.0000
twap,fresh,40059,99.0136,1.0000
stochastic_planner,fresh,40060,134.2825,1.0000
lookahead,fresh,40060,132.0733,1.0000
twap,fresh,40060,121.2180,1.0000
stochastic_planner,fresh,40061,106.0383,1.0000
lookahead,fresh,40061,104.3196,1.0000
twap,fresh,40061,128.2451,1.0000
stochastic_planner,fresh,40062,92.5756,1.0000
lookahead,fresh,40062,89.4772,1.0000
twap,fresh,40062,105.1679,1.0000
stochastic_planner,fresh,40063,100.7023,1.0000
lookahead,fresh,40063,97.1105,1.0000
twap,fresh,40063,123.9731,1.0000
stochastic_planner,fresh,40064,135.8982,1.0000
lookahead,fresh,40064,113.5115,1.0000
twap,fresh,40064,121.4976,1.0000
stochastic_planner,fresh,40065,108.3505,1.0000
lookahead,fresh,40065,99.9496,1.0000
twap,fresh,40065,104.7690,1.0000
stochastic_planner,fresh,40066,92.0446,1.0000
lookahead,fresh,40066,85.6013,1.0000
twap,fresh,40066,103.5181,1.0000
stochastic_planner,fresh,40067,130.0586,1.0000
lookahead,fresh,40067,127.5155,1.0000
twap,fresh,40067,124.1671,1.0000
stochastic_planner,fresh,40068,140.7931,1.0000
lookahead,fresh,40068,136.3399,1.0000
twap,fresh,40068,127.9907,1.0000
stochastic_planner,fresh,40069,104.9344,1.0000
lookahead,fresh,40069,98.0107,1.0000
twap,fresh,40069,124.3247,1.0000
stochastic_planner,fresh,40070,119.9616,1.0000
lookahead,fresh,40070,106.5433,1.0000
twap,fresh,40070,123.3996,1.0000
stochastic_planner,fresh,40071,115.4958,1.0000
lookahead,fresh,40071,116.2961,1.0000
twap,fresh,40071,130.6426,1.0000
stochastic_planner,fresh,40072,100.8064,1.0000
lookahead,fresh,40072,95.7158,1.0000
twap,fresh,40072,109.7497,1.0000
stochastic_planner,fresh,40073,116.6973,1.0000
lookahead,fresh,40073,114.4215,1.0000
twap,fresh,40073,116.0907,1.0000
stochastic_planner,fresh,40074,69.5668,1.0000
lookahead,fresh,40074,84.3092,1.0000
twap,fresh,40074,108.0954,1.0000
stochastic_planner,fresh,40075,77.0372,1.0000
lookahead,fresh,40075,77.2084,1.0000
twap,fresh,40075,103.4063,1.0000
stochastic_planner,fresh,40076,104.1877,1.0000
lookahead,fresh,40076,102.3472,1.0000
twap,fresh,40076,121.5902,1.0000
stochastic_planner,fresh,40077,113.0112,1.0000
lookahead,fresh,40077,117.8663,1.0000
twap,fresh,40077,102.2140,1.0000
stochastic_planner,fresh,40078,91.5654,1.0000
lookahead,fresh,40078,86.9413,1.0000
twap,fresh,40078,107.0739,1.0000
stochastic_planner,fresh,40079,124.6914,1.0000
lookahead,fresh,40079,123.8942,1.0000
twap,fresh,40079,113.3372,1.0000
stochastic_planner,fresh,40080,127.9889,1.0000
lookahead,fresh,40080,121.2487,1.0000
twap,fresh,40080,135.8650,1.0000
stochastic_planner,fresh,40081,129.8134,1.0000
lookahead,fresh,40081,128.3352,1.0000
twap,fresh,40081,115.3769,1.0000
stochastic_planner,fresh,40082,62.7178,1.0000
lookahead,fresh,40082,63.1569,1.0000
twap,fresh,40082,102.4821,1.0000
stochastic_planner,fresh,40083,93.5340,1.0000
lookahead,fresh,40083,94.0954,1.0000
twap,fresh,40083,111.7846,1.0000
stochastic_planner,fresh,40084,113.6788,1.0000
lookahead,fresh,40084,108.7959,1.0000
twap,fresh,40084,106.6507,1.0000
stochastic_planner,fresh,40085,59.5371,1.0000
lookahead,fresh,40085,60.2513,1.0000
twap,fresh,40085,95.7077,1.0000
stochastic_planner,fresh,40086,46.8013,1.0000
lookahead,fresh,40086,43.8356,1.0000
twap,fresh,40086,94.1351,1.0000
stochastic_planner,fresh,40087,127.8956,1.0000
lookahead,fresh,40087,133.7412,1.0000
twap,fresh,40087,115.9822,1.0000
stochastic_planner,fresh,40088,113.2111,1.0000
lookahead,fresh,40088,119.3034,1.0000
twap,fresh,40088,120.9031,1.0000
stochastic_planner,fresh,40089,109.6037,1.0000
lookahead,fresh,40089,105.7961,1.0000
twap,fresh,40089,113.2259,1.0000
stochastic_planner,fresh,40090,69.0956,1.0000
lookahead,fresh,40090,55.7640,1.0000
twap,fresh,40090,99.1720,1.0000
stochastic_planner,fresh,40091,126.9936,1.0000
lookahead,fresh,40091,127.7622,1.0000
twap,fresh,40091,139.3993,1.0000
stochastic_planner,fresh,40092,96.7535,1.0000
lookahead,fresh,40092,117.4109,1.0000
twap,fresh,40092,111.1949,1.0000
stochastic_planner,fresh,40093,141.1314,1.0000
lookahead,fresh,40093,137.4893,1.0000
twap,fresh,40093,138.7152,1.0000
stochastic_planner,fresh,40094,43.8225,1.0000
lookahead,fresh,40094,47.1275,1.0000
twap,fresh,40094,85.2449,1.0000
stochastic_planner,fresh,40095,87.6878,1.0000
lookahead,fresh,40095,82.0401,1.0000
twap,fresh,40095,95.2028,1.0000
stochastic_planner,fresh,40096,147.5460,1.0000
lookahead,fresh,40096,146.1129,1.0000
twap,fresh,40096,139.6911,1.0000
stochastic_planner,fresh,40097,86.3116,1.0000
lookahead,fresh,40097,81.3747,1.0000
twap,fresh,40097,97.9550,1.0000
stochastic_planner,fresh,40098,80.2169,1.0000
lookahead,fresh,40098,76.9989,1.0000
twap,fresh,40098,94.4061,1.0000
stochastic_planner,fresh,40099,100.6563,1.0000
lookahead,fresh,40099,92.2593,1.0000
twap,fresh,40099,116.7649,1.0000
stochastic_planner,fresh,40100,94.4325,1.0000
lookahead,fresh,40100,101.3053,1.0000
twap,fresh,40100,107.2923,1.0000
stochastic_planner,fresh,40101,96.7733,1.0000
lookahead,fresh,40101,102.9530,1.0000
twap,fresh,40101,119.8143,1.0000
stochastic_planner,fresh,40102,87.9802,1.0000
lookahead,fresh,40102,99.3304,1.0000
twap,fresh,40102,105.2468,1.0000
stochastic_planner,fresh,40103,100.3744,1.0000
lookahead,fresh,40103,99.7078,1.0000
twap,fresh,40103,113.8421,1.0000
stochastic_planner,fresh,40104,113.3283,1.0000
lookahead,fresh,40104,109.5487,1.0000
twap,fresh,40104,103.6883,1.0000
stochastic_planner,fresh,40105,92.3746,1.0000
lookahead,fresh,40105,117.7329,1.0000
twap,fresh,40105,109.3541,1.0000
stochastic_planner,fresh,40106,86.6492,1.0000
lookahead,fresh,40106,84.5098,1.0000
twap,fresh,40106,122.2373,1.0000
stochastic_planner,fresh,40107,90.1886,1.0000
lookahead,fresh,40107,100.7211,1.0000
twap,fresh,40107,118.0161,1.0000
stochastic_planner,fresh,40108,104.0305,1.0000
lookahead,fresh,40108,98.0760,1.0000
twap,fresh,40108,114.1816,1.0000
stochastic_planner,fresh,40109,60.2308,1.0000
lookahead,fresh,40109,57.6428,1.0000
twap,fresh,40109,96.0764,1.0000
stochastic_planner,fresh,40110,81.9987,1.0000
lookahead,fresh,40110,78.6051,1.0000
twap,fresh,40110,115.0162,1.0000
stochastic_planner,fresh,40111,90.4003,1.0000
lookahead,fresh,40111,94.2560,1.0000
twap,fresh,40111,117.2919,1.0000
stochastic_planner,fresh,40112,135.9660,1.0000
lookahead,fresh,40112,166.8582,1.0000
twap,fresh,40112,124.8553,1.0000
stochastic_planner,fresh,40113,110.6372,1.0000
lookahead,fresh,40113,110.4075,1.0000
twap,fresh,40113,117.0763,1.0000
stochastic_planner,fresh,40114,100.5049,1.0000
lookahead,fresh,40114,94.8715,1.0000
twap,fresh,40114,98.4117,1.0000
stochastic_planner,fresh,40115,90.6231,1.0000
lookahead,fresh,40115,98.1778,1.0000
twap,fresh,40115,116.2022,1.0000
stochastic_planner,fresh,40116,179.8647,1.0000
lookahead,fresh,40116,176.2589,1.0000
twap,fresh,40116,152.4586,1.0000
stochastic_planner,fresh,40117,121.9157,1.0000
lookahead,fresh,40117,125.4001,1.0000
twap,fresh,40117,118.3097,1.0000
stochastic_planner,fresh,40118,92.0876,1.0000
lookahead,fresh,40118,102.4159,1.0000
twap,fresh,40118,113.7978,1.0000
stochastic_planner,fresh,40119,97.4530,1.0000
lookahead,fresh,40119,93.2168,1.0000
twap,fresh,40119,112.1751,1.0000
stochastic_planner,fresh,40120,114.7189,1.0000
lookahead,fresh,40120,109.5753,1.0000
twap,fresh,40120,123.6150,1.0000
stochastic_planner,fresh,40121,64.7319,1.0000
lookahead,fresh,40121,46.8824,1.0000
twap,fresh,40121,95.5604,1.0000
stochastic_planner,fresh,40122,122.7982,1.0000
lookahead,fresh,40122,126.7464,1.0000
twap,fresh,40122,133.5682,1.0000
stochastic_planner,fresh,40123,124.4013,1.0000
lookahead,fresh,40123,124.0134,1.0000
twap,fresh,40123,122.1708,1.0000
stochastic_planner,fresh,40124,110.3468,1.0000
lookahead,fresh,40124,109.5964,1.0000
twap,fresh,40124,119.9659,1.0000
stochastic_planner,fresh,40125,92.5969,1.0000
lookahead,fresh,40125,93.6662,1.0000
twap,fresh,40125,108.2548,1.0000
stochastic_planner,fresh,40126,52.3419,1.0000
lookahead,fresh,40126,50.7298,1.0000
twap,fresh,40126,93.5429,1.0000
stochastic_planner,fresh,40127,127.8473,1.0000
lookahead,fresh,40127,127.5450,1.0000
twap,fresh,40127,129.3611,1.0000
stochastic_planner,fresh,40128,106.6629,1.0000
lookahead,fresh,40128,117.5781,1.0000
twap,fresh,40128,114.6458,1.0000
stochastic_planner,fresh,40129,95.1955,1.0000
lookahead,fresh,40129,98.6183,1.0000
twap,fresh,40129,103.2263,1.0000
stochastic_planner,fresh,40130,124.9896,1.0000
lookahead,fresh,40130,109.9760,1.0000
twap,fresh,40130,128.8425,1.0000
stochastic_planner,fresh,40131,96.5982,1.0000
lookahead,fresh,40131,106.7463,1.0000
twap,fresh,40131,101.6986,1.0000
stochastic_planner,fresh,40132,156.3602,1.0000
lookahead,fresh,40132,156.8213,1.0000
twap,fresh,40132,127.7326,1.0000
stochastic_planner,fresh,40133,126.2584,1.0000
lookahead,fresh,40133,126.0750,1.0000
twap,fresh,40133,121.6827,1.0000
stochastic_planner,fresh,40134,94.5015,1.0000
lookahead,fresh,40134,108.7035,1.0000
twap,fresh,40134,104.1560,1.0000
stochastic_planner,fresh,40135,103.8984,1.0000
lookahead,fresh,40135,109.5888,1.0000
twap,fresh,40135,117.4071,1.0000
stochastic_planner,fresh,40136,156.0945,1.0000
lookahead,fresh,40136,172.0161,1.0000
twap,fresh,40136,150.4582,1.0000
stochastic_planner,fresh,40137,94.9326,1.0000
lookahead,fresh,40137,92.5782,1.0000
twap,fresh,40137,110.8446,1.0000
stochastic_planner,fresh,40138,77.9469,1.0000
lookahead,fresh,40138,70.1623,1.0000
twap,fresh,40138,95.7643,1.0000
stochastic_planner,fresh,40139,108.4670,1.0000
lookahead,fresh,40139,120.9583,1.0000
twap,fresh,40139,122.5241,1.0000
stochastic_planner,fresh,40140,115.1858,1.0000
lookahead,fresh,40140,125.7791,1.0000
twap,fresh,40140,130.9212,1.0000
stochastic_planner,fresh,40141,65.0584,1.0000
lookahead,fresh,40141,65.5912,1.0000
twap,fresh,40141,101.5496,1.0000
stochastic_planner,fresh,40142,138.1896,1.0000
lookahead,fresh,40142,147.7044,1.0000
twap,fresh,40142,139.3658,1.0000
stochastic_planner,fresh,40143,41.5007,1.0000
lookahead,fresh,40143,44.8281,1.0000
twap,fresh,40143,76.1764,1.0000
stochastic_planner,fresh,40144,61.6164,1.0000
lookahead,fresh,40144,66.7680,1.0000
twap,fresh,40144,86.1096,1.0000
stochastic_planner,fresh,40145,142.0294,1.0000
lookahead,fresh,40145,151.8424,1.0000
twap,fresh,40145,127.3039,1.0000
stochastic_planner,fresh,40146,165.2549,1.0000
lookahead,fresh,40146,166.9008,1.0000
twap,fresh,40146,136.1323,1.0000
stochastic_planner,fresh,40147,107.0976,1.0000
lookahead,fresh,40147,113.6357,1.0000
twap,fresh,40147,109.3603,1.0000
stochastic_planner,fresh,40148,117.6391,1.0000
lookahead,fresh,40148,112.0484,1.0000
twap,fresh,40148,120.7889,1.0000
stochastic_planner,fresh,40149,80.8015,1.0000
lookahead,fresh,40149,83.3090,1.0000
twap,fresh,40149,106.6407,1.0000
stochastic_planner,fresh,40150,59.1020,1.0000
lookahead,fresh,40150,52.4767,1.0000
twap,fresh,40150,100.0813,1.0000
stochastic_planner,fresh,40151,84.2903,1.0000
lookahead,fresh,40151,66.2845,1.0000
twap,fresh,40151,93.4590,1.0000
stochastic_planner,fresh,40152,127.6581,1.0000
lookahead,fresh,40152,122.2275,1.0000
twap,fresh,40152,122.7068,1.0000
stochastic_planner,fresh,40153,45.1498,1.0000
lookahead,fresh,40153,50.1903,1.0000
twap,fresh,40153,80.3192,1.0000
stochastic_planner,fresh,40154,127.0819,1.0000
lookahead,fresh,40154,121.5632,1.0000
twap,fresh,40154,116.7089,1.0000
stochastic_planner,fresh,40155,75.5275,1.0000
lookahead,fresh,40155,81.1612,1.0000
twap,fresh,40155,113.8975,1.0000
stochastic_planner,fresh,40156,62.4427,1.0000
lookahead,fresh,40156,55.8656,1.0000
twap,fresh,40156,91.8729,1.0000
stochastic_planner,fresh,40157,87.8643,1.0000
lookahead,fresh,40157,72.2646,1.0000
twap,fresh,40157,105.7964,1.0000
stochastic_planner,fresh,40158,101.4843,1.0000
lookahead,fresh,40158,102.8376,1.0000
twap,fresh,40158,128.8163,1.0000
stochastic_planner,fresh,40159,94.2633,1.0000
lookahead,fresh,40159,89.2306,1.0000
twap,fresh,40159,115.1766,1.0000
stochastic_planner,fresh,40160,135.0490,1.0000
lookahead,fresh,40160,144.8024,1.0000
twap,fresh,40160,127.4710,1.0000
stochastic_planner,fresh,40161,57.8704,1.0000
lookahead,fresh,40161,51.3990,1.0000
twap,fresh,40161,93.2411,1.0000
stochastic_planner,fresh,40162,95.1619,1.0000
lookahead,fresh,40162,88.7671,1.0000
twap,fresh,40162,121.0950,1.0000
stochastic_planner,fresh,40163,100.9378,1.0000
lookahead,fresh,40163,104.1416,1.0000
twap,fresh,40163,117.4155,1.0000
stochastic_planner,fresh,40164,120.5608,1.0000
lookahead,fresh,40164,114.4255,1.0000
twap,fresh,40164,123.0228,1.0000
stochastic_planner,fresh,40165,78.2706,1.0000
lookahead,fresh,40165,86.5088,1.0000
twap,fresh,40165,102.6309,1.0000
stochastic_planner,fresh,40166,81.5315,1.0000
lookahead,fresh,40166,89.3133,1.0000
twap,fresh,40166,104.7721,1.0000
stochastic_planner,fresh,40167,79.3652,1.0000
lookahead,fresh,40167,79.2521,1.0000
twap,fresh,40167,89.6859,1.0000
stochastic_planner,fresh,40168,82.9258,1.0000
lookahead,fresh,40168,96.9289,1.0000
twap,fresh,40168,106.0313,1.0000
stochastic_planner,fresh,40169,120.5504,1.0000
lookahead,fresh,40169,114.7554,1.0000
twap,fresh,40169,125.0333,1.0000
stochastic_planner,fresh,40170,64.1385,1.0000
lookahead,fresh,40170,66.2870,1.0000
twap,fresh,40170,92.3051,1.0000
stochastic_planner,fresh,40171,137.1668,1.0000
lookahead,fresh,40171,133.1651,1.0000
twap,fresh,40171,113.3215,1.0000
stochastic_planner,fresh,40172,122.0762,1.0000
lookahead,fresh,40172,128.0687,1.0000
twap,fresh,40172,126.1029,1.0000
stochastic_planner,fresh,40173,43.8640,1.0000
lookahead,fresh,40173,37.2400,1.0000
twap,fresh,40173,91.6839,1.0000
stochastic_planner,fresh,40174,133.4048,1.0000
lookahead,fresh,40174,140.5776,1.0000
twap,fresh,40174,134.6754,1.0000
stochastic_planner,fresh,40175,90.0358,1.0000
lookahead,fresh,40175,94.0098,1.0000
twap,fresh,40175,101.5374,1.0000
stochastic_planner,fresh,40176,168.9479,1.0000
lookahead,fresh,40176,174.2634,1.0000
twap,fresh,40176,133.6753,1.0000
stochastic_planner,fresh,40177,94.7757,1.0000
lookahead,fresh,40177,99.5310,1.0000
twap,fresh,40177,117.4819,1.0000
stochastic_planner,fresh,40178,121.5602,1.0000
lookahead,fresh,40178,118.0030,1.0000
twap,fresh,40178,119.4526,1.0000
stochastic_planner,fresh,40179,138.1717,1.0000
lookahead,fresh,40179,133.9831,1.0000
twap,fresh,40179,125.3320,1.0000
stochastic_planner,fresh,40180,80.1668,1.0000
lookahead,fresh,40180,70.0187,1.0000
twap,fresh,40180,110.1118,1.0000
stochastic_planner,fresh,40181,111.9769,1.0000
lookahead,fresh,40181,112.8809,1.0000
twap,fresh,40181,115.0953,1.0000
stochastic_planner,fresh,40182,97.6644,1.0000
lookahead,fresh,40182,103.0883,1.0000
twap,fresh,40182,114.9881,1.0000
stochastic_planner,fresh,40183,91.1224,1.0000
lookahead,fresh,40183,92.5316,1.0000
twap,fresh,40183,100.2582,1.0000
stochastic_planner,fresh,40184,89.1347,1.0000
lookahead,fresh,40184,83.7125,1.0000
twap,fresh,40184,107.2379,1.0000
stochastic_planner,fresh,40185,86.2455,1.0000
lookahead,fresh,40185,90.3201,1.0000
twap,fresh,40185,104.0516,1.0000
stochastic_planner,fresh,40186,103.0013,1.0000
lookahead,fresh,40186,98.4645,1.0000
twap,fresh,40186,109.0244,1.0000
stochastic_planner,fresh,40187,83.6434,1.0000
lookahead,fresh,40187,64.1798,1.0000
twap,fresh,40187,89.6899,1.0000
stochastic_planner,fresh,40188,94.6460,1.0000
lookahead,fresh,40188,97.2613,1.0000
twap,fresh,40188,105.7672,1.0000
stochastic_planner,fresh,40189,102.4027,1.0000
lookahead,fresh,40189,96.3418,1.0000
twap,fresh,40189,108.8392,1.0000
stochastic_planner,fresh,40190,72.1143,1.0000
lookahead,fresh,40190,73.9733,1.0000
twap,fresh,40190,104.7022,1.0000
stochastic_planner,fresh,40191,84.2622,1.0000
lookahead,fresh,40191,75.4093,1.0000
twap,fresh,40191,97.4917,1.0000
stochastic_planner,fresh,40192,77.9742,1.0000
lookahead,fresh,40192,74.8155,1.0000
twap,fresh,40192,92.5986,1.0000
stochastic_planner,fresh,40193,100.0197,1.0000
lookahead,fresh,40193,100.9033,1.0000
twap,fresh,40193,120.5002,1.0000
stochastic_planner,fresh,40194,101.8415,1.0000
lookahead,fresh,40194,113.0440,1.0000
twap,fresh,40194,112.8777,1.0000
stochastic_planner,fresh,40195,96.6553,1.0000
lookahead,fresh,40195,88.0579,1.0000
twap,fresh,40195,104.6377,1.0000
stochastic_planner,fresh,40196,160.7977,1.0000
lookahead,fresh,40196,138.8542,1.0000
twap,fresh,40196,127.8667,1.0000
stochastic_planner,fresh,40197,121.1152,1.0000
lookahead,fresh,40197,112.5033,1.0000
twap,fresh,40197,126.6539,1.0000
stochastic_planner,fresh,40198,146.9334,1.0000
lookahead,fresh,40198,141.5721,1.0000
twap,fresh,40198,142.4258,1.0000
stochastic_planner,fresh,40199,145.8874,1.0000
lookahead,fresh,40199,148.0508,1.0000
twap,fresh,40199,123.0887,1.0000
stochastic_planner,fresh,40200,126.8885,1.0000
lookahead,fresh,40200,114.2665,1.0000
twap,fresh,40200,133.5889,1.0000
stochastic_planner,fresh,40201,136.9477,1.0000
lookahead,fresh,40201,136.5884,1.0000
twap,fresh,40201,122.1015,1.0000
stochastic_planner,fresh,40202,126.7240,1.0000
lookahead,fresh,40202,113.7826,1.0000
twap,fresh,40202,121.7700,1.0000
stochastic_planner,fresh,40203,122.5469,1.0000
lookahead,fresh,40203,119.1085,1.0000
twap,fresh,40203,118.3414,1.0000
stochastic_planner,fresh,40204,45.5941,1.0000
lookahead,fresh,40204,49.5046,1.0000
twap,fresh,40204,87.3738,1.0000
stochastic_planner,fresh,40205,101.4029,1.0000
lookahead,fresh,40205,81.3370,1.0000
twap,fresh,40205,106.5418,1.0000
stochastic_planner,fresh,40206,112.8609,1.0000
lookahead,fresh,40206,112.0764,1.0000
twap,fresh,40206,126.8400,1.0000
stochastic_planner,fresh,40207,110.3142,1.0000
lookahead,fresh,40207,119.8298,1.0000
twap,fresh,40207,112.9893,1.0000
stochastic_planner,fresh,40208,69.7493,1.0000
lookahead,fresh,40208,66.5347,1.0000
twap,fresh,40208,106.4895,1.0000
stochastic_planner,fresh,40209,116.6039,1.0000
lookahead,fresh,40209,113.2517,1.0000
twap,fresh,40209,131.5182,1.0000
stochastic_planner,fresh,40210,104.1953,1.0000
lookahead,fresh,40210,94.1336,1.0000
twap,fresh,40210,99.6953,1.0000
stochastic_planner,fresh,40211,105.3284,1.0000
lookahead,fresh,40211,115.7896,1.0000
twap,fresh,40211,135.3915,1.0000
stochastic_planner,fresh,40212,60.8613,1.0000
lookahead,fresh,40212,65.2131,1.0000
twap,fresh,40212,98.6418,1.0000
stochastic_planner,fresh,40213,99.5979,1.0000
lookahead,fresh,40213,82.0238,1.0000
twap,fresh,40213,107.9549,1.0000
stochastic_planner,fresh,40214,79.3329,1.0000
lookahead,fresh,40214,75.8255,1.0000
twap,fresh,40214,95.4655,1.0000
stochastic_planner,fresh,40215,47.8062,1.0000
lookahead,fresh,40215,40.3686,1.0000
twap,fresh,40215,98.4685,1.0000
stochastic_planner,fresh,40216,60.3950,1.0000
lookahead,fresh,40216,51.7993,1.0000
twap,fresh,40216,97.4596,1.0000
stochastic_planner,fresh,40217,111.2366,1.0000
lookahead,fresh,40217,108.8597,1.0000
twap,fresh,40217,120.9792,1.0000
stochastic_planner,fresh,40218,84.5825,1.0000
lookahead,fresh,40218,66.0660,1.0000
twap,fresh,40218,113.8974,1.0000
stochastic_planner,fresh,40219,127.4539,1.0000
lookahead,fresh,40219,126.3341,1.0000
twap,fresh,40219,107.7201,1.0000
stochastic_planner,fresh,40220,151.4424,1.0000
lookahead,fresh,40220,143.2523,1.0000
twap,fresh,40220,131.1698,1.0000
stochastic_planner,fresh,40221,33.1582,1.0000
lookahead,fresh,40221,22.2696,1.0000
twap,fresh,40221,85.0648,1.0000
stochastic_planner,fresh,40222,63.4312,1.0000
lookahead,fresh,40222,70.4376,1.0000
twap,fresh,40222,88.1055,1.0000
stochastic_planner,fresh,40223,132.6928,1.0000
lookahead,fresh,40223,122.0115,1.0000
twap,fresh,40223,125.4151,1.0000
stochastic_planner,fresh,40224,112.7049,1.0000
lookahead,fresh,40224,111.3867,1.0000
twap,fresh,40224,119.4868,1.0000
stochastic_planner,fresh,40225,100.5507,1.0000
lookahead,fresh,40225,97.6812,1.0000
twap,fresh,40225,111.4279,1.0000
stochastic_planner,fresh,40226,111.9343,1.0000
lookahead,fresh,40226,132.8118,1.0000
twap,fresh,40226,105.1218,1.0000
stochastic_planner,fresh,40227,125.7682,1.0000
lookahead,fresh,40227,124.8213,1.0000
twap,fresh,40227,131.9242,1.0000
stochastic_planner,fresh,40228,104.0673,1.0000
lookahead,fresh,40228,106.9050,1.0000
twap,fresh,40228,113.4465,1.0000
stochastic_planner,fresh,40229,95.9477,1.0000
lookahead,fresh,40229,93.5162,1.0000
twap,fresh,40229,110.4626,1.0000
stochastic_planner,fresh,40230,118.0882,1.0000
lookahead,fresh,40230,119.6668,1.0000
twap,fresh,40230,111.1775,1.0000
stochastic_planner,fresh,40231,110.3526,1.0000
lookahead,fresh,40231,113.0857,1.0000
twap,fresh,40231,123.0690,1.0000
stochastic_planner,fresh,40232,97.9235,1.0000
lookahead,fresh,40232,108.8413,1.0000
twap,fresh,40232,120.2241,1.0000
stochastic_planner,fresh,40233,118.0859,1.0000
lookahead,fresh,40233,115.9644,1.0000
twap,fresh,40233,119.3299,1.0000
stochastic_planner,fresh,40234,121.6444,1.0000
lookahead,fresh,40234,118.2553,1.0000
twap,fresh,40234,107.5797,1.0000
stochastic_planner,fresh,40235,115.0437,1.0000
lookahead,fresh,40235,110.5959,1.0000
twap,fresh,40235,119.0389,1.0000
stochastic_planner,fresh,40236,91.6416,1.0000
lookahead,fresh,40236,101.6253,1.0000
twap,fresh,40236,98.1219,1.0000
stochastic_planner,fresh,40237,179.3172,1.0000
lookahead,fresh,40237,177.8140,1.0000
twap,fresh,40237,132.9643,1.0000
stochastic_planner,fresh,40238,100.1791,1.0000
lookahead,fresh,40238,92.2473,1.0000
twap,fresh,40238,119.1693,1.0000
stochastic_planner,fresh,40239,49.9754,1.0000
lookahead,fresh,40239,59.1101,1.0000
twap,fresh,40239,82.6685,1.0000
stochastic_planner,fresh,40240,152.8395,1.0000
lookahead,fresh,40240,153.9793,1.0000
twap,fresh,40240,137.7066,1.0000
stochastic_planner,fresh,40241,98.4463,1.0000
lookahead,fresh,40241,97.1484,1.0000
twap,fresh,40241,110.4660,1.0000
stochastic_planner,fresh,40242,79.2293,1.0000
lookahead,fresh,40242,80.0060,1.0000
twap,fresh,40242,99.3916,1.0000
stochastic_planner,fresh,40243,85.8967,1.0000
lookahead,fresh,40243,97.9207,1.0000
twap,fresh,40243,115.6256,1.0000
stochastic_planner,fresh,40244,138.6866,1.0000
lookahead,fresh,40244,139.4003,1.0000
twap,fresh,40244,108.6447,1.0000
stochastic_planner,fresh,40245,80.3529,1.0000
lookahead,fresh,40245,69.1309,1.0000
twap,fresh,40245,96.6086,1.0000
stochastic_planner,fresh,40246,66.9734,1.0000
lookahead,fresh,40246,73.7130,1.0000
twap,fresh,40246,106.7789,1.0000
stochastic_planner,fresh,40247,70.0995,1.0000
lookahead,fresh,40247,65.9668,1.0000
twap,fresh,40247,94.7284,1.0000
stochastic_planner,fresh,40248,124.2611,1.0000
lookahead,fresh,40248,127.9941,1.0000
twap,fresh,40248,123.5793,1.0000
stochastic_planner,fresh,40249,96.1943,1.0000
lookahead,fresh,40249,98.5923,1.0000
twap,fresh,40249,116.8098,1.0000
stochastic_planner,fresh,40250,50.0616,1.0000
lookahead,fresh,40250,42.2338,1.0000
twap,fresh,40250,89.1717,1.0000
stochastic_planner,fresh,40251,121.0951,1.0000
lookahead,fresh,40251,118.2876,1.0000
twap,fresh,40251,129.2532,1.0000
stochastic_planner,fresh,40252,66.9643,1.0000
lookahead,fresh,40252,73.8093,1.0000
twap,fresh,40252,102.1349,1.0000
stochastic_planner,fresh,40253,118.5947,1.0000
lookahead,fresh,40253,136.7182,1.0000
twap,fresh,40253,102.2058,1.0000
stochastic_planner,fresh,40254,101.7832,1.0000
lookahead,fresh,40254,102.2571,1.0000
twap,fresh,40254,108.4839,1.0000
stochastic_planner,fresh,40255,61.1085,1.0000
lookahead,fresh,40255,57.1527,1.0000
twap,fresh,40255,87.2811,1.0000
stochastic_planner,fresh,40256,126.3608,1.0000
lookahead,fresh,40256,124.3904,1.0000
twap,fresh,40256,112.8814,1.0000
stochastic_planner,fresh,40257,100.4863,1.0000
lookahead,fresh,40257,106.6803,1.0000
twap,fresh,40257,108.4407,1.0000
stochastic_planner,fresh,40258,145.9418,1.0000
lookahead,fresh,40258,144.4642,1.0000
twap,fresh,40258,132.9918,1.0000
stochastic_planner,fresh,40259,87.9371,1.0000
lookahead,fresh,40259,91.3533,1.0000
twap,fresh,40259,108.8299,1.0000
stochastic_planner,fresh,40260,64.9646,1.0000
lookahead,fresh,40260,55.0470,1.0000
twap,fresh,40260,88.8051,1.0000
stochastic_planner,fresh,40261,121.8061,1.0000
lookahead,fresh,40261,124.6185,1.0000
twap,fresh,40261,125.6630,1.0000
stochastic_planner,fresh,40262,112.4652,1.0000
lookahead,fresh,40262,113.3261,1.0000
twap,fresh,40262,107.3391,1.0000
stochastic_planner,fresh,40263,92.5555,1.0000
lookahead,fresh,40263,91.0209,1.0000
twap,fresh,40263,102.9218,1.0000
stochastic_planner,fresh,40264,43.9656,1.0000
lookahead,fresh,40264,44.3249,1.0000
twap,fresh,40264,98.8403,1.0000
stochastic_planner,fresh,40265,121.2755,1.0000
lookahead,fresh,40265,124.0507,1.0000
twap,fresh,40265,130.0484,1.0000
stochastic_planner,fresh,40266,97.5212,1.0000
lookahead,fresh,40266,101.0107,1.0000
twap,fresh,40266,116.8982,1.0000
stochastic_planner,fresh,40267,73.3724,1.0000
lookahead,fresh,40267,67.3365,1.0000
twap,fresh,40267,110.3720,1.0000
stochastic_planner,fresh,40268,79.7374,1.0000
lookahead,fresh,40268,69.1522,1.0000
twap,fresh,40268,106.8784,1.0000
stochastic_planner,fresh,40269,105.5323,1.0000
lookahead,fresh,40269,101.3050,1.0000
twap,fresh,40269,97.1454,1.0000
stochastic_planner,fresh,40270,133.4488,1.0000
lookahead,fresh,40270,113.5334,1.0000
twap,fresh,40270,112.3137,1.0000
stochastic_planner,fresh,40271,153.9449,1.0000
lookahead,fresh,40271,158.9257,1.0000
twap,fresh,40271,128.4369,1.0000
stochastic_planner,fresh,40272,135.6450,1.0000
lookahead,fresh,40272,125.9128,1.0000
twap,fresh,40272,124.5335,1.0000
stochastic_planner,fresh,40273,75.4625,1.0000
lookahead,fresh,40273,84.5057,1.0000
twap,fresh,40273,104.1084,1.0000
stochastic_planner,fresh,40274,81.7663,1.0000
lookahead,fresh,40274,91.7320,1.0000
twap,fresh,40274,108.5440,1.0000
stochastic_planner,fresh,40275,113.5825,1.0000
lookahead,fresh,40275,120.0070,1.0000
twap,fresh,40275,118.6292,1.0000
stochastic_planner,fresh,40276,45.1177,1.0000
lookahead,fresh,40276,24.6254,1.0000
twap,fresh,40276,89.7087,1.0000
stochastic_planner,fresh,40277,107.5520,1.0000
lookahead,fresh,40277,104.9638,1.0000
twap,fresh,40277,105.9455,1.0000
stochastic_planner,fresh,40278,108.3745,1.0000
lookahead,fresh,40278,99.5943,1.0000
twap,fresh,40278,112.1041,1.0000
stochastic_planner,fresh,40279,131.0238,1.0000
lookahead,fresh,40279,135.6169,1.0000
twap,fresh,40279,127.0766,1.0000
stochastic_planner,fresh,40280,147.2543,1.0000
lookahead,fresh,40280,131.7726,1.0000
twap,fresh,40280,122.7099,1.0000
stochastic_planner,fresh,40281,76.7620,1.0000
lookahead,fresh,40281,79.5146,1.0000
twap,fresh,40281,85.5081,1.0000
stochastic_planner,fresh,40282,119.0802,1.0000
lookahead,fresh,40282,115.0993,1.0000
twap,fresh,40282,124.1799,1.0000
stochastic_planner,fresh,40283,100.5767,1.0000
lookahead,fresh,40283,77.3764,1.0000
twap,fresh,40283,102.4283,1.0000
stochastic_planner,fresh,40284,113.8291,1.0000
lookahead,fresh,40284,114.1507,1.0000
twap,fresh,40284,107.4761,1.0000
stochastic_planner,fresh,40285,88.1938,1.0000
lookahead,fresh,40285,77.6800,1.0000
twap,fresh,40285,99.4732,1.0000
stochastic_planner,fresh,40286,87.5669,1.0000
lookahead,fresh,40286,87.2596,1.0000
twap,fresh,40286,90.6710,1.0000
stochastic_planner,fresh,40287,112.2394,1.0000
lookahead,fresh,40287,109.6200,1.0000
twap,fresh,40287,119.1268,1.0000
stochastic_planner,fresh,40288,146.1133,1.0000
lookahead,fresh,40288,145.2130,1.0000
twap,fresh,40288,124.8528,1.0000
stochastic_planner,fresh,40289,80.6813,1.0000
lookahead,fresh,40289,76.2301,1.0000
twap,fresh,40289,93.7887,1.0000
stochastic_planner,fresh,40290,117.6199,1.0000
lookahead,fresh,40290,120.5132,1.0000
twap,fresh,40290,115.4916,1.0000
stochastic_planner,fresh,40291,101.8725,1.0000
lookahead,fresh,40291,112.5822,1.0000
twap,fresh,40291,113.3888,1.0000
stochastic_planner,fresh,40292,116.2080,1.0000
lookahead,fresh,40292,120.5336,1.0000
twap,fresh,40292,93.3851,1.0000
stochastic_planner,fresh,40293,56.8483,1.0000
lookahead,fresh,40293,52.2962,1.0000
twap,fresh,40293,89.9241,1.0000
stochastic_planner,fresh,40294,117.4440,1.0000
lookahead,fresh,40294,119.6361,1.0000
twap,fresh,40294,106.7147,1.0000
stochastic_planner,fresh,40295,122.3522,1.0000
lookahead,fresh,40295,112.6901,1.0000
twap,fresh,40295,126.3208,1.0000
stochastic_planner,fresh,40296,130.5090,1.0000
lookahead,fresh,40296,141.3305,1.0000
twap,fresh,40296,116.5880,1.0000
stochastic_planner,fresh,40297,54.3482,1.0000
lookahead,fresh,40297,51.9596,1.0000
twap,fresh,40297,96.4919,1.0000
stochastic_planner,fresh,40298,146.7285,1.0000
lookahead,fresh,40298,130.3167,1.0000
twap,fresh,40298,127.0044,1.0000
stochastic_planner,fresh,40299,123.9507,1.0000
lookahead,fresh,40299,129.1389,1.0000
twap,fresh,40299,118.3789,1.0000
